{
    "random_seed": 42,
    "files_processed": 116,
    "avg_tokens_before": 579.2241379310345,
    "avg_tokens_after": 35.91379310344828,
    "runtime_seconds": 0.24811506271362305
}