{
    "random_seed": 42,
    "files_processed": 58,
    "avg_tokens_before": 104.98275862068965,
    "avg_tokens_after": 35.5,
    "runtime_seconds": 0.026819229125976562
}