{
    "random_seed": 42,
    "files_processed": 34,
    "avg_tokens_before": 274.44117647058823,
    "avg_tokens_after": 23.176470588235293,
    "runtime_seconds": 0.11306095123291016
}