{
    "random_seed": 42,
    "files_processed": 67,
    "avg_tokens_before": 97.58208955223881,
    "avg_tokens_after": 35.865671641791046,
    "runtime_seconds": 0.41493916511535645
}