{
    "MAP": 0.25657180079707215,
    "MRR": 0.590016329436464,
    "Recall@5": 0.24383180172653857,
    "Recall@10": 0.32341269841269843
}