{
    "MAP": 0.16606316183348163,
    "MRR": 0.23993388198249543,
    "Recall@5": 0.10769980506822611,
    "Recall@10": 0.14823865218602064
}