{
    "MAP": 0.34019376549642755,
    "MRR": 0.668558931387126,
    "Recall@5": 0.31461292119186857,
    "Recall@10": 0.4494082428292954
}