{
    "MAP": 0.23265157717336898,
    "MRR": 0.5177279506873653,
    "Recall@5": 0.18557504873294342,
    "Recall@10": 0.3092314118629908
}