{
    "MAP": 0.25250367443729976,
    "MRR": 0.5668653625024817,
    "Recall@5": 0.2173906989696463,
    "Recall@10": 0.32334307992202727
}