{
    "MAP": 0.207398805843245,
    "MRR": 0.6433842691305378,
    "Recall@5": 0.1002139530858167,
    "Recall@10": 0.20666577183374008
}