{
    "MAP": 0.16719029595958398,
    "MRR": 0.4318300273524154,
    "Recall@5": 0.07315002460790547,
    "Recall@10": 0.1643072416188261
}