{
    "MAP": 0.17388102386963628,
    "MRR": 0.5364018651332085,
    "Recall@5": 0.08407303743702246,
    "Recall@10": 0.1675836870490537
}