{
    "MAP": 0.19985775271912687,
    "MRR": 0.5276287974049167,
    "Recall@5": 0.09869996178623322,
    "Recall@10": 0.20725056715537749
}