{
    "MAP": 0.20618411156244873,
    "MRR": 0.6290334044065387,
    "Recall@5": 0.09962351004816697,
    "Recall@10": 0.20369969406982488
}