{
    "MAP": 0.1465865171849858,
    "MRR": 0.2785232006990761,
    "Recall@5": 0.19651794651794652,
    "Recall@10": 0.2642785642785643
}