{
    "MAP": 0.03514593232496862,
    "MRR": 0.07974326686565832,
    "Recall@5": 0.027123552123552122,
    "Recall@10": 0.04014371514371514
}