{
    "MAP": 0.13481142921973374,
    "MRR": 0.24329308540414596,
    "Recall@5": 0.1754182754182754,
    "Recall@10": 0.24107679107679106
}