{
    "MAP": 0.11556464415266754,
    "MRR": 0.23421083801815748,
    "Recall@5": 0.12811025311025312,
    "Recall@10": 0.19744029744029742
}