{
    "MAP": 0.14274022807710504,
    "MRR": 0.26603252726666227,
    "Recall@5": 0.16627341627341627,
    "Recall@10": 0.24594952094952094
}