{
    "MAP": 0.4565250905580453,
    "MRR": 0.6716524216524217,
    "Recall@5": 0.1670093386454425,
    "Recall@10": 0.3183457064708553
}