{
    "MAP": 0.42838135420665724,
    "MRR": 0.7006766381766381,
    "Recall@5": 0.1618568079461546,
    "Recall@10": 0.298695169881762
}