{
    "MAP": 0.4627710409065456,
    "MRR": 0.7359126984126985,
    "Recall@5": 0.19468685915855877,
    "Recall@10": 0.3329910800905879
}