{
    "MAP": 0.4400394135157049,
    "MRR": 0.6607549857549858,
    "Recall@5": 0.16296523320616357,
    "Recall@10": 0.3150835825827888
}