{
    "MAP": 0.44721793706183166,
    "MRR": 0.6715617715617715,
    "Recall@5": 0.16057919332012371,
    "Recall@10": 0.3186797031055585
}