{
    "random_seed": 42,
    "files_processed": 227,
    "avg_tokens_before": 489.48017621145374,
    "avg_tokens_after": 34.23788546255506,
    "runtime_seconds": 0.2739729881286621
}