{
    "random_seed": 42,
    "files_processed": 131,
    "avg_tokens_before": 59.3206106870229,
    "avg_tokens_after": 20.564885496183205,
    "runtime_seconds": 1.1946587562561035
}